Inquinamento/ambiente ,Geolocalizzazione,User
"L'Emilia-Romagna è fortemente congestionata dal traffico che comporta pesanti costi ambientali e materiali. Bisogna investire in infrastrutture per migliorare i flussi, diminuire costi e inquinamento""",Emilia Romagna,Ente privato
Per combattere l’ inquinamento delle Emilia Romagna non basterebbe la foresta amazzonica…molti degli alberi piantati non ricevono acqua…inoltre sarebbe meglio smetterle di sparare #sciechimiche ,Emilia Romagna,Cittadino
"La @RegioneER Emilia-Romagna investe 10 milioni investe sulla lotta all'#inquinamento atmosferico: Piste ciclabili, #ZTL, velostazioni e #incentivi economici per incoraggiare l'uso della #bici negli spostamenti quotidiani. ",Emilia Romagna,Media
"Emilia Romagna come la California, il Top! Bisogna però diminuire l’inquinamento e migliorare la qualità dell’aria ",Emilia Romagna,Cittadino
"Lombardia, Piemonte, Veneto ed Emilia-Romagna: inquinamento della terra per massimizzare profitti illeciti derivanti da smaltimento illegale di rifiuti ",Emilia Romagna,Cittadino
"In Emilia Romagna eccesso di inquinamento, eccesso di inceneritori, eccesso di produzione di plastica, eccesso di inquinamento, eccesso di veleno in mare , eccesso di traffico, spese ingiustificate.... ",Emilia Romagna,Cittadino
"In Emilia-Romagna, 9 città tra le prime 100 nella classifica europea sulla mortalità da #inquinamento da polveri sottili: Piacenza, Ferrara, Carpi, #Parma, Modena, Sassuolo, Bologna, Forlì e Ravenna. ",Emilia Romagna,Cittadino
"Dario Franceschini e Roberto Cingolani continuano ed approvano nuovo pozzo esplorativo in provincia di Ferrara. La regione Emilia Romagna tace, la Aleanna sorride. Subsidenza, inquinamento, transizione ecologica - tuttapposto, tutta una farsa. ",Emilia Romagna,Cittadino
"@ElisirTv a proposito di inquinamento, gli allevamenti intensivi di Lombardia ed Emilia Romagna sono causa di un livello di pm10 superiore al tollerabile. Da due anni, scienziati, mai invitati ad Elisir, dichiarano che Covid si aggrega alle nanoparticelle patogene che inspiriamo. ",Emilia Romagna,Cittadino
"Emilia-Romagna terza regione italiana per interventi di #ecobonus 110% con una detrazione complessiva di quasi 63 milioni di euro! Un’ottima notizia, maggiore efficientamento energetico, minore impatto in termini di inquinamento ambientale ed atmosferico. Avanti così! ",Emilia Romagna,Cittadino
Anche qui in Emilia Romagna non stiamo messi tanto meglio. Secondo me l'inquinamento influisce eccome ,Emilia Romagna,Cittadino
"Clean cities, sulla mobilità l’Emilia-Romagna predica bene ma razzola male ",Emilia Romagna,Cittadino
"Uno studio dell'Università di Catania dimostra il perché Lombardia, Piemonte, Veneto ed Emilia Romagna siano le regioni maggiormente colpite dal coronavirus: è colpa dell'inquinamento. Non è un caso che queste ospitino il maggior numero di allevamenti. ",Emilia Romagna,Cittadino
In Emilia-Romagna si è conclusa l'ennesima lunga striscia di sforamenti dei limiti di legge per le polveri sottili PM10. È stato l'arrivo del vento a salvarci e non le politiche messe in campo per ridurre l'inquinamento. Servono più risorse: ,Emilia Romagna,Cittadino
"Massimo Medri Sindaco di #Cervia, in linea con le disposizioni della Regione Emilia-Romagna, ha emesso una ordinanza per la riduzione dell'inquinamento: in particolare sono previste limitazioni per la mobilità, il riscaldamento, gli abbruciamenti, ",Emilia Romagna,Ente Pubblico
"Allerta Pm10 in Emilia-Romagna, prolungate le misure emergenziali anti inquinamento ",Emilia Romagna,Media
"Ambiente, l'Emilia-Romagna partner della Nasa per lo studio degli effetti dell'inquinamento dell'aria sulla salute delle persone ",Emilia Romagna,Media
Smog: Avanti con misure forti per Emilia-Romagna e città oppresse dall'inquinamento ,Emilia Romagna,Cittadino
"E la Regione Emilia Romagna permette questo insediamento di logistica che porta precarietà, super sfruttamento dei lavoratori, cementificazione e inquinamento. ",Emilia Romagna,Cittadino
"Emilia-Romagna, calano i livelli di Pm10 nell'aria, revocate le misure anti-inquinamento ",Emilia Romagna,Media
"#EmiliaRomagna 9 città tra le 100 europee dove si muore per inquinamento, ma la Regione rimanda il blocco delle #auto con motore #diesel ",Emilia Romagna,Cittadino
"Ambiente L' Emilia Romagna rinvia lo stop dei diesel Euro4, ma introduce misure straordinarie per ridurre l'inquinamento ",Emilia Romagna,Media
Emilia-Romagna. Un piano triennale da 21 milioni per ridurre l’inquinamento ,Emilia Romagna,Media
"Anche l Emilia Romagna è sempre stata in testa sia x morti che x malati, lo so bene, perché ci vivo probabilmente x l inquinamento. Ma le lascio la pia illusione che sia colpa della lega ",Emilia Romagna,Cittadino
In Emilia Romagna si dimenticano che i fiumi hanno bisogno di argini e così avvengono periodiche alluvioni. Si dimenticano che ci sono troppi inceneritori e inquinamento. Qui si bruciano tutti i rifiuti d’Italia. Si produce la maggior parte di plastica. Strade senza verde. Caos ,Emilia Romagna,Cittadino
"Ma esattemente in tema ambiente la regione Emilia Romagna cos'ha fatto di discontinuo rispetto al resto del paese? Perché altrimenti, visto che sei la vice presidente, che ce voresti spiegà co sto libro? ",Emilia Romagna,Cittadino
"Balneazione, confermata l’eccellenza delle acque riminesi. I risultati delle analisi e delle valutazioni effettuate da Arpae Emilia-Romagna e dall’Aziende USL della Romagna nella stagione balneare 2021 ",Emilia Romagna,Ente Pubblico
"In Sicilia va in discarica il 58% dei rifiuti, in Emilia Romagna va il 2%, in Lombardia il 5%"". A fornire i dati è Marco Lupo, ex dirigente rifiuti nell'Isola e da anni numero uno dell'Arpa nel ... ",Emilia Romagna,Media
"Il progetto di ricerca E-CO2, co-finanziato dalla Regione Emilia-Romagna e dal Fondo Sviluppo e Coesione, mira alla produzione a #zeroemissioni di combustibili innovativi utilizzando anidride carbonica e idrogeno verde. ",Emilia Romagna,Media
Ambiente: Emilia Romagna sempre un Po più verde ,Emilia Romagna,Media
"Ha preso il via l’evento “Economia circolare e terzo settore: coniugare lavoro, ambiente e coesione sociale”, organizzato da @Legambiente_EmR in collaborazione con Confcooperative Emilia Romagna e @LegacoopER. ",Emilia Romagna,Media
"Assemblea dei ragazzi in Emilia Romagna, le priorità: ambiente e socialità ",Emilia Romagna,Media
Tanto per dirne una qui a casa mia gli unici che si danno da fare per problemi ambientare sono i verdi e i 5 stelle o il gruppo misto in assemblea regionale . Da Emilia romagna coraggiosa che pure si dichiara ecologista molte belle iniziative sociali ma ambiente zero ,Emilia Romagna,Cittadino
Molto soddisfatta per l'approvazione della mia risoluzione per lo stop all'uso del glifosato in Emilia-Romagna. Una scelta a favore dell'integrità dell’ambiente e della salute di lavoratori agricoli e consumatori. E qualificherà al meglio anche la nostra produzione agricola. ,Emilia Romagna,Ente Pubblico
"Irene Priolo, Assessore all'ambiente dell'Emilia Romagna: La transizione ecologica costa? Costa di più il 'non fare ",Emilia Romagna,Ente Pubblico
"avvelenano l'ambiente ed avvelenano la società.. Ecco a chi si deve ribellare... Rifiuti: operazione ""Mala pigna"", arresti e sequestri tra Calabria e Emilia Romagna ",Emilia Romagna,Cittadino
Allora uccideteci tutti perché l'ambiente noi umani lo stupriamo. Emilia Romagna lascia stare gli scoiattoli grigi! ,Emilia Romagna,Cittadino
"#Ravenna Arpae (Agenzia regionale prevenzione, ambiente e energia Emilia-Romagna) chiede a ministero di abbassare limite di subsidenza dopo il quale scatta il divieto di qualsiasi attività mineraria Pensate che il limite oggi è relativo a un abbassamento di 25 millimetri l’anno>> ",Emilia Romagna,Cittadino
"632 milioni di euro per tutta la Regione #EmiliaRomagna molto meno che per il #passante di Bologna ricordatevelo quando vi raccontano che le loro priorità sono la scuola, l'ambiente e la nostra salute ricordatelo anche a quelli di Emilia Romagna Coraggiosa (che coraggio!!!) ",Emilia Romagna,Cittadino
"Transizione #digitale e #ambiente, inaugurato al Tecnopolo di Bologna il Data center del Centro # Meteo Europeo Il supercomputer nell'Emilia-Romagna Data Valley: previsioni per oltre 30 nazioni e il più grande archivio dati al mondo ",Emilia Romagna,Media
"Emilia Romagna, ‘Bike to work’: 10 milioni per promuovere l’uso delle due ruote #mobilità #ambiente ",Emilia Romagna,Media
"L'ho specificato. Non penso che ci sia malavita solo al sud, anzi. A 15 km da casa mia c'è un comune commissariato per mafia e sto in Emilia-Romagna. Dico solo che da noi c'è più benessere, girano più soldi ed è più facile fare del magna magna senza scomodare i danni all'ambiente ",Emilia Romagna,Cittadino
"Ambiente, l’Emilia-Romagna stanzia 14,5 milioni per progetti contro smog e inquinanti ",Emilia Romagna,Media
"Cinema e ambiente, Emilia-Romagna Film Commission e @ArpaER aderiscono al protocollo #GreenFilm Strategie coordinate nel rispetto dell’ambiente. L’assessore @FelicoriMauro: “Fronte comune contro l’emergenza climatica” ",Emilia Romagna,Ente Pubblico
L'EFFICIENZA ENERGETICA DEI CONDOMINI AIUTA L'AMBIENTE Un progetto regionale sostiene la promozione di innovative soluzioni adatte ad edilizia pubblica e privata. A settembre l'ultimo corso gratuito della Regione Emilia-Romagna. ,Emilia Romagna,Ente Pubblico
"Ambiente. Incendi boschivi, in Emilia-Romagna prolungato fino a domenica 8 agosto lo stato di grave rischio ",Emilia Romagna,Ente Pubblico
"Rifiuti, l'Emilia-Romagna differenzia bene e sempre di più: 72,5% nel 2020 (+1,6% sul 2019) — Ambiente ",Emilia Romagna,Cittadino
"#ambiente, al via ciclo di focus tematici promossi da @CamComParma, insieme a @UnioncamereER e le #camcom dell'Emilia Romagna. #ViViFir, responsabilità estesa del produttore e nuova definizione di rifiuti urbani gli argomenti che verranno trattati. ",Emilia Romagna,Associazione
In aumento i reati contro l’ambiente accertati in Emilia Romagna: +48% - Presentati da @Legambiente_EmR i dati sugli ecoreati ,Emilia Romagna,Media
Ambiente Emilia Romagna. Piccinini (M5s): tracciare tutti i fanghi https://ift.tt/3xhJDTD Un’interrogazione chiede alla Regione di interloquire con il governo per una maggiore tutela del territorio Tracciare tutti i fanghi prodotti nel bacino padano.  ,Emilia Romagna,Media
"Arpae: ""L'Emilia Romagna da sempre all’avanguardia nella tutela dell’ambiente marino"" ",Emilia Romagna,Media
"Minimizzare gli sprechi, incentivare produzioni biologiche locali, promuovere l’ #EconomiaSolidale: sono alcuni degli obiettivi della neonata Rete per la Sovranità Alimentare in Emilia Romagna. ",Emilia Romagna,Media
"#Ambiente: l'Emilia-Romagna conta 7 #termovalorizzatori. Stop nel 2020 a Ravenna: tecnologie superate. La Regione lavora al nuovo Piano dei #rifiuti, che detterà le strategie fino al 2027 ",Emilia Romagna,Media
@irene_priolo Assessore all’Ambiente @RegioneER: “Serve lavorare su materie prime seconde per aumentare le potenzialità del riciclo. In Emilia-Romagna compensare ritardi sulla plastica.” ,Emilia Romagna,Media
"@irene_priolo Assessore all’Ambiente @RegioneER: “Parola d'ordine è ""fare sistema"". In Emilia-Romagna governance pubblica è centrale.” ",Emilia Romagna,Media
"L'Emilia-Romagna non sarà mai green finché permetterete ai cacciatori di uccidere e inquinare ovunque, dagli Appennini al Delta del Po. Prima di pensare ad attrarre turismo cercate di proteggere davvero l'ambiente, che è la questione più importante e urgente. ",Emilia Romagna,Cittadino
"ALTRO CHE TRANSIZIONE ECOLOGICA... ll Ministero della Transizione ecologica Cingolani autorizza 11 nuove trivellazioni per idrocarburi, in Abruzzo, Emilia Romagna, Veneto e Sicilia. Altro che ambiente, se al governo c'è un banchiere si rincorre esclusivamente il profitto... ",Emilia Romagna,Associazione
È l’Emilia Romagna a ben rappresentare il paradosso di un’Italia idricamente a più velocità. ,Emilia Romagna,Associazione
"Tecnologia, scienza, tutela dell'ambiente: il tutto con i fondi europei spesi correttamente, senza ruberie né corruttele. In Emilia-Romagna lo facciamo da sempre e siamo un esempio non solo in Italia, ma in Europa. Si può essere esempi positivi #presadiretta @Presa_Diretta ",Emilia Romagna,Cittadino
Agrifood - La Regione Emilia-Romagna investe su filiere agroalimentari e ambiente | cuoreeconomico ,Emilia Romagna,Media
"Waste Strategy, il think tank su #rifiuti e #riciclo di Althesys, ha calcolato che il lockdown ha avuto un impatto di un miliardo di euro sull'industria dei rifiuti speciali. Il maggiore impatto in Lombardia, Veneto ed Emilia-Romagna ",Emilia Romagna,Cittadino
"Allarme Onu: “Nove milioni di morti all’anno per inquinamento, più del Covid ",Piacenza,Cittadino
"INQUINAMENTO, CITTA’ EMILIANE TRA LE PEGGIORI IN UNO STUDIO CHE ATTESTA LE MORTI EVITABILI. NECESSARIE MISURE A CONTRASTO ",Piacenza,Cittadino
"“A Piacenza inquinamento alle stelle, si facciano rispettare i divieti esistenti” - Intervento di Europa Verde Piacenza Piacenza, come certifica anche l’Agenzia Europea per l’ambiente, si conferma... ",Piacenza,Media
Nel 2019 sono 284 le morti “premature” causate dall’inquinamento da polveri a #Piacenza ,Piacenza,Media
Piacenza: smog oltre i limiti ,Piacenza,Cittadino
@Ariachetira #FedEx Piacenza vuole delocalizzare? ...non si capisce allora perché in città stanno costruendo un sacco di capannoni per logistica...business che porta pure un sacco di inquinamento ,Piacenza,Cittadino
Oltre Cremona e Piacenza anche Parma non messa bene. Si pensa di allungare la pista dell aeroporto per trasformarlo in cargo per raggiungere le peggiori città a livello di inquinamento? Sindaco ⁦@FedePizzarotti⁩ dov è finita la tua anima ambientale? ,Piacenza,Cittadino
Giovani Democratici #Piacenza: “La giunta colga la sfida della tutela dell’ambiente e del contrasto all’inquinamento” ,Piacenza,Media
"Un nuovo studio dimostra la correlazione fra inquinamento e insorgenza del Covid. Indagate da uno studio Cnr/Gipsa-lab le possibili correlazioni a livello regionale tra sintomi e condizioni atmosferiche, meteo e inquinamento ",Piacenza,Media
"In ogni posto che in vita mia ho visitato le auto in centro non possono circolare, Piacenza un centro piccolissimo che si può visitare tranquillamente a piedi o in bici perché non può impedire questa cosa? E poi straparlano di inquinamento, economia verde ",Piacenza,Cittadino
"l’inquinamento impatta sui conti degli italiani 1535 euro a testa all’anno. A Milano lo smog ha un costo pro capite di oltre 2800 euro all’anno.UE italiane le cinque città più inquinate da ozono (O3). In ordine sono Brescia, Lecco, Bergamo, Milano, Piacenza ",Piacenza,Cittadino
"Ricordo al ministro Cingolani che una superficie di lato inferiore a 50 km (2400 km2) pari all'estensione di una provincia come Piacenza coperta da pannelli fotovoltaici, è sufficiente per soddisfare l'intero fabbisogno elettrico nazionale. ",Piacenza,Cittadino
"La provincia di #Piacenza è la sesta in Italia per natalità (#Parma è la prima), pur in calo rispetto a vent'anni fa. Ai vertici, dunque, con un coefficiente più che positivo. Si fanno pochi figli per timore dell’ambiente in cui vivrebbero? Qua da noi questo timore non c’é. ",Piacenza,Cittadino
"La nuova struttura ospedaliera di Piacenza. Tanto suolo agricolo sprecato, la vecchia sede senza idea di utilizzo, problemi idrici... Insomma tanti dubbi. ",Piacenza,Associazione
Non esiste una soglia minima di CO2 e polveri fini al di sotto della quale non ci sono effetti dannosi su uomo e ambiente. Fanno sempre schifo. Cmq al polo logistico di Piacenza superata ogni soglia da tanto tempo,Piacenza,Cittadino
"“Piacenza è sull’orlo di una crisi climatica. Da qui possiamo e dobbiamo solo migliorare”. Condivido che 1,2 mln di #Iren vengano usati per mitigazione ambientale non per cassa! ",Piacenza,Cittadino
La città del futuro dev'essere più sensibile alla tutela dell'#ambiente. ,Piacenza,Associazione
Rimossi 735 kg di plastica e rifiuti al quartiere Farnesiana. Plastic Free: “C’è sempre più consapevolezza nel voler fare qualcosa per l’ambiente ,Piacenza,Media
“Interventi troppo gravosi per Quarto: vanno tutelati qualità della vita e ambiente” ,Piacenza,Media
Ambiente Piacenza. Sversamento diga di Boschi avvenuto in pieno rispetto parametr ,Piacenza,Ente Pubblico
"Solo una domanda: sa dove mettere le scorie? Perchè a Piacenza aspettano dal referendum dell'87 di sapere dove mettere quelle di Caorso. Ambiente, il ministro Cingolani apre al nucleare: ""Da folli non considerarlo"". Ma Bonelli: ""Lo sconsiderato è lui"" ",Piacenza,Cittadino
"Eroi a lavoro a Piacenza, durante l’evento “un PO prima del mare”. Oltre 400kg di plastica e rifiuti rimossi dall’ambiente. Ringraziamo @RajapackIT per il suo grande supporto a questa iniziativa ",Piacenza,Associazione
"Troppi #rifiuti abbandonati. Dopo gli articoli di denuncia, il #quotidiano della città chiama a raccolta i volontari “spazzini” #piacenza #ambiente #green ",Piacenza,Cittadino
"A Parma è prevista la distruzione di una enorme porzione di campagna per l'impianto di una cava costruita a ridosso delle abitazioni, provocando inquinamento da polveri dannose, inquinamento delle falde acquifere e acustico. ",Parma,Cittadino
dell’inquinamento anche acustico di aerei enormi che decollano ogni 20 minuti. I NO CARGO di Baganzola chiedono aiuto Uniamoci per eleggere un sindaco contrario all’AEROPORTO CORGO A PARMA I NO CARGO di Baganzola vi aspettano anche nel vostro interesse ,Parma,Cittadino
E allora perché la congrega degli industriali parmensi vuol massacrare #Parma trasformando in CARGO l'aeroporto Cittadino passando da 3 voli passeggeri a settimana a 50 voli cargo al giorno con inquinamento colossale acustico e atmosferico a 3 km dal centro storico ,Parma,Cittadino
Oltre Cremona e Piacenza anche Parma non messa bene. Si pensa di allungare la pista dell aeroporto per trasformarlo in cargo per raggiungere le peggiori città a livello di inquinamento? Sindaco ⁦@FedePizzarotti⁩ dov è finita la tua anima ambientale? ,Parma,Cittadino
Inquinamento: Parma 276esima in Europa per livelli di smog ,Parma,Media
"Borgotaro, Laminam: archiviate le accuse di presunto inquinamento ",Parma,Media
"Aeroporto: WWF, Lega Ambiente http://Ass.ni NO CARGO NO AEROPORTO INTERCONTINENTALE <Con l'ampliamento, 6.900 tonnellate di inquinamento in più > Da food valley a smog valley #pizzarotti (PD) ambientalista di facciata ? ",Parma,Cittadino
Ambiente Parma. Lega: “Verificare se ci sono emissioni inquinanti nel canale Galasso” ,Parma,Media
"PARMA.Le materie prime per la transizione ecologica richiedono l'estrazione da miniere non ecologiche. La locale tribù NIMBY dice che nessuno ""vuole mangiare qualcosa che nasce in un ambiente contaminato"" dagli australiani. Che fantastica storia è la vita. ",Parma,Cittadino
"@iren_ambiente parma, @ComuneParma Iren, ci risiamo! Due settimane di mancata raccolta carta! Nonostante varie segnalazioni al numero verde, i civici 206, 208, 210 e 212 di via Emilia Est vengono saltati! Verificate il servizio delle ditte appaltatrici! ",Parma,Cittadino
"Comunque #FabrizioScaramuzza, dell’omonima ditta, è in procinto di fare una cava nella meravigliosa zona bagnata dal fiume Taro #Parma che distruggerebbe irriMediabilmente il Parco Taro, in cui tra l’altro ci sono realtà virtuose e in simbiosi con l’ambiente. Giornalisti #Green? ",Parma,Cittadino
"Credo che 60.000 euro spalmati su quattro interventi, in zone che avrebbero bisogno di ben altro, siano come volere svuotare il mare con un bicchiere. Più si tutela il territorio a monte e meno danni si avranno in futuro a valle. ",Parma,Cittadino
"L'ambiente al centro dell'assemblea Upi, Sassi: ""Qualità dell’aria e contrasto ai mutamenti climatici sono priorità"" ",Parma,Media
"Attività estrattive #Corchia a #Berceto (#Parma), #Daffadà @gruppopder: no a concessioni, tutelare il territorio, l'ambiente e la salute dei cittadini ",Parma,Movimento politico
"Aeroporto di Parma, la Regione: piano di sviluppo ritenuto compatibile con l'ambiente ",Parma,Media
Inquinamento killer: a Reggio Emilia provoca ogni anno 175 morti ,Reggio Emilia,Media
ma cosa cazzo è sta cosa che a reggio emilia non buttano le lattine con la plastica e io ovviamente lo scopro dopo un anno e mezzo che butto le lattine nella plastica mannaggia all'ambiente ,Reggio Emilia,Cittadino
Al parco delle Acque Chiare di Reggio Emilia per piantare alberi assieme ai cittadini. La difesa dell’ambiente non ha colore politico! ,Reggio Emilia,Cittadino
"Trento conferma anche nel 2020, in pieno #Covid, la leadership delle città più #green d'Italia, seguita da Reggio Emilia e Mantova. ",Reggio Emilia,Media
"Io si, stavo giusto parlando con un mio amico di questo, a Modena doveva anche scattare un allarme inquinamento delle auto.. Invece nessuno parla più di questo..!!! ",Modena,Cittadino
"Le persone tendono a riunirsi in massa quando l'amministrazione comunale e il sindaco autorizzano progetti scellerati, ecomostri a 10 metri dalle case e che aumenteranno a dismisura il traffico e l'inquinamento Cittadino. Per favore, se ha davvero a cuore #Modena, ci ripensi. ",Modena,Cittadino
"Inquinamento, Carpi e Modena tra le prime 50 della “lista nera” ",Modena,Media
"INQUINAMENTO, CITTA’ EMILIANE TRA LE PEGGIORI IN UNO STUDIO CHE ATTESTA LE MORTI EVITABILI. NECESSARIE MISURE A CONTRASTO ",Modena,Cittadino
"Una parte la fa il clima padano, ma una grandissima parte purtroppo la facciamo noi stessi con l'inquinamento che produciamo. E pensare che in Emilia dovremmo avere un'amministrazione green. Lo è solo a parole, a giudicare dai progetti che vogliono realizzare a Bologna e Modena. ",Modena,Cittadino
"@GCMuzzarelli quando uscirà un progetto di riqualificazione del manto stradale di tutta la città di #Modena??? Noi dobbiamo comprare le macchine nuove per il discorso inquinamento, ma dopo 5 min girando in città sarebbero da buttare! Grazie! ",Modena,Cittadino
"Reati e inquinamento, qualità della vita in calo ",Modena,Media
"""L’inquinamento è alle stelle: il centro va chiuso alle auto"" ",Modena,Media
È la verità. Puniscono le vetture creando più inquinamento contro cui reagiscono punendo ulteriormente le auto....un circolo vizioso e poco intelligente. A Modena c'è una ciclabile più larga della corsia adiacente per le auto! ,Modena,Cittadino
Ma é una mia impressione o in provincia di Modena c'è un inquinamento luminoso incredibile? Del tipo che di notte il cielo non é nero per niente ,Modena,Cittadino
"Firmato! Oltre l'inquinamento e i 400 tir al giorno, si parla di una torre di 18 PIANI adibita a magazzino in un'area residenziale dove l'edificio più alto ha 2 piani. FERMIAMO LA COSTRUZIONE DEL COLOSSO LOGISTICO CONAD IN CITTA'! #Modena ",Modena,Cittadino
"Basterebbe togliere gli incentivi e le sovvenzioni statali agli allevatori e ai produttori di latte, conosco bene il settore provengo dalla Ciociaria e sono vent'anni che vivo a Modena, la qualità della vita è scaduta paurosamente per via dell'inquinamento da allevamenti e altro! ",Modena,Cittadino
"Che si fa di bello a #Modena (vedi statistiche incidenti stradali, dati inquinamento dell'aria e malattie respiratorie)? Un bel mini-circuito per auto da corsa di fianco al centro storico, che diamine. ",Modena,Cittadino
Concordo. A Modena i Verdi sono al governo: centro storico invaso da auto e SUV e zero controlli su rispetto norme anti inquinamento. ,Modena,Cittadino
Penso che anche gli abitanti della Statale per Modena e di via XXV aprile di Casalgrande abbiano diritto a un minor inquinamento acustico e dell’aria. ,Modena,Cittadino
Sassuolo=Modena=feudo Pd da una vita= inquinamento = colpa sindaco di destra da 2 anni. ,Modena,Cittadino
Inquinare meno. Piccole azioni quotidiane ,Modena,Cittadino
"Iniziamo a comunicare anche i morti per inquinamento! Mortalità prematura per inquinamento, i medici di ISDE Modena: ""Agire subito"" ",Modena,Cittadino
#Ambiente #Modena. @barcaiuolo (@FratellidItalia): risolvere i problemi della processionaria in Appennino ,Modena,Movimento politico
Non ripuliamo solamente ma diamo nuova vita a qualcosa di apparentemente obsoleto... Grazie al gruppo verde di San Damaso ,Modena,Associazione
"Da febbraio in tutti i Comuni della Provincia di Modena gestiti da @GruppoHera, lattine scatolette e bombolette metalliche dovranno essere conferite esclusivamente nei cassonetti destinati alla raccolta della plastica. Rispetta l'ambiente! ",Modena,Ente Pubblico
Carpi. Ambiente. Un impianto per trattare gli scarti tessili e “antenne” per pesare i consumi reali ,Modena,Media
#Ambiente #Modena. @SilviaPiccinini (@M5SER): troppi disservizi nella raccolta dei rifiuti di malati ,Modena,Movimento politico
#Ambiente #Modena. @GiuliaGibertoni (Misto): escludere la discarica di #FinaleEmilia dal piano regionale rifiuti ,Modena,Movimento politico
"Anche nel mese di dicembre il #GruppoHera sarà a lavoro per la raccolta di foglie autunnali a #Modena. Operazione a favore di #ambiente ed #EconomiaCircolare: il fogliame raccolto, infatti, è destinato agli impianti di produzione di #compost e #biogas ",Modena,Ente privato
#Ambiente Modena. @GiuliaGibertoni (Misto): “Limitare l’ampliamento degli allevamenti di suini a Mirandola” ,Modena,Movimento politico
#aeroporto #bologna inquinamento acustico notturno,Bologna,Cittadino
"A proposito di cambiamento climatico e inquinamento, prima o poi dovrete adeguare i nomi delle città! Propongo: Mazara del Caldo, Rimini Sub, Pescara la Plastica, Papaya Piemonte, Prato Sintetico, Bologna Marittima, Treviso Accaldato... Altri suggerimenti?",Bologna,Cittadino
"Aceri, frassini, tigli, olmi, e specie non autoctone come ginkgo e liquidambar: sono i mille nuovi #alberi messi a dimora in molti parchi e giardini di #Bologna. Sono piante giovani ma già formate, tra le più efficaci nella lotta all'inquinamento",Bologna,Ente Pubblico
#RifiutiZeroUmbria Ricerca. Con la mobilità elettrica nel 2030 l’inquinamento delle città crollerà dell’89%,Bologna,Associazione
#Bologna #inquinamento #tangenziale #autostrada,Bologna,Cittadino
"Faccia perplessa: La Schlein al liceo copernico a proposito dell'aeroporto di #Bologna non si puo' manco dire poche idee ma confuse, qui proprio tabula rasa! Fa il paio con la sua posizione pro passante.",Bologna,Cittadino
"Ma è fantastica! Gli parlano del progettato aumento del 400% della capacità dell'aerporto con relativo inquinamento, mentre fermano il traffico auto per inquinamento, e questa Schlein gli parla della pista ciclabile da Venezia a Bologna!",Bologna,Cittadino
"La #natura non è un posto da visitare. E casa nostra."" Tutelarla equivale a tutelare noi e i nostri figli.",Bologna,Cittadino
Bologna ore 12.00: Temperatura 27° Umidità 1000xmille Inquinamento acustico da cicale 200db,Bologna,Cittadino
Il traffico di oggi in tangenziale a #bologna lo avremo per 5 anni col passante di mezzo ed inoltre non avremo risolto né i problemi di traffico né i problemi d'inquinamento. Quando i lavori saranno sovrapposti a quelli del Tram sarà pure peggio. Votate pure Lepore,Bologna,Cittadino
Make Bologna Great Again! #zone30 ovunque per più sicurezza e meno inquinamento. #bologna30 #love30,Bologna,Cittadino
in Italia si continuano a mantenere voli ridicoli tipo Milano-Bologna o Roma-Napoli.Spesso per tenere in vita il carrozzone clientelare succhiasoldi di Alitalia.,Bologna,Cittadino
"Perché Bologna non riesce a liberarsi dallo smog? Inquinamento al top in Europa, le spiegazioni degli esperti",Bologna,Media
#Bologna #EmiliaRomagna non c'è bisogno di allargare #tangenziale e #autostrada ma di spostare il trasporto merci dai camion ai treni OGNI GIORNO QUI MUORE QUALCUNO per incidente oltre a tutti quelli che muoiono per #inquinamento #aria,Bologna,Cittadino
"Mobilità, aria, rifiuti e auto: promossa Milano negli ultimi sei anni: Bologna vince per piste ciclabili: 12,4 metri lineari ogni 100 abitanti (+15%). Genova si distingue per il basso inquinamento, Palermo per la maggiore crescita nella differenziata",Bologna,Media
"Solo 3 su 15 #città raggiungono la sufficienza su #mobilità #sicurezza e #inquinamento. Sono #Bologna, #Firenze e #Milano. I risultati di #CleanCities di @Legambiente",Bologna,Media
"Milano è prima per quota di scuole in aree inquinate, seguita da altre due grandi città del nord, Bologna e Torino. Agli ultimi posti Catania, Genova e Trieste, quest'ultima con nessuna scuola vicino a fonti di inquinamento di atmosferico",Bologna,Media
Fedex: a Bologna inizia l'esperimento con le cargo bike per ridurre l'inquinamento: L'esperimento di Bologna aiuterà a determinare l’idoneità delle cargo bike per il trasporto di merci e bambini all’interno della città.,Bologna,Ente privato
"E niente, ieri a Bologna ho visto come parcheggiano le auto i tifosi che vanno allo stadio. Una cosa oscena! La partita iniziava alle 18:30, quindi immagino il disagio unito al traffico abituale. #inquinamento #smog È troppo difficile obbligarli ad andare con i bus?",Bologna,Cittadino
L'inquinamento del Nord Italia visto dallo spazio - http://ANSA.it https://ansa.it/canale_scienza_tecnica/notizie/terra_poli/2021/03/02/linquinamento-del-nord-italia-visto-dallo-spazio,Bologna,Cittadino
Più Energia Consumi più Inquinamento Produci. Professor Guizzoso dalla Poltiglia del Caos:quanto ci costano i Super Elaboratori di Bologna che pretendono di Sviluppare Modelli Autunno Inverno e Primavera Estate?Potrò Vestire di Speranze che il Pianeta non faccia come par a Lui?,Bologna,Cittadino
"Ma se sono 10 anni che la sx a Bologna promette varianti Autostradali, bretelle e collegamenti ma non si vede un escavatore neppure se lo paghi e gli ingorghi, incidenti e inquinamento aumentano a dismisura!!!",Bologna,Cittadino
"avete idea di quanto inquinino tutte le macchine che partono da milano o bologna e arrivano in puglia e quanto inquinamento in meno ci sarebbe andando in pullman, aereo o treno? ah no giusto c’e la pandemia solo dove volete voi e l’importante è prendersela con gli altri",Bologna,Cittadino
"A parità di veicoli, per la situazione di saturazione del traffico a Bologna, aumentare le corsie diminuisce lo stazionamento a motore acceso in autostrada visto che negli orari di punta è bloccata. Diminuendo lo stazionamento in parte si riduce l'inquinamento.",Bologna,Cittadino
"Stadio temporaneo, il Bologna ha presentato il progetto al Comune. Ma perché  non farlo direttamente nella zona di Fico? In città  ogni volta si crea un disastro di traffico , code ,  inquinamento e disagio per i residenti pazzesco.",Bologna,Cittadino
Sostenibile come l'ampliamento spropositato del centro commerciale ShopVille Gran Reno a Casalecchio di Reno in prov di Bologna. Ci sarà un aumento notevole di inquinamento da parte della massa d'auto che arriverà a compimento della struttura. Sempre parole buttate nel nulla,Bologna,Cittadino
"Bologna: mobilità e passante! Abbiamo partecipato al dibattito organizzato da Legambiente sui temi della mobilità e dell'ambiente. Proprio la mobilità, sia di persone che di merci, è tornata un forte punto politico durante la pandemia, quando ne abbiamo capito l'importanza (1/n)",Bologna,Cittadino
"Una tonnellata di rifiuti rimossi dall’ambiente, è questo il risultato ottenuto dai due appuntamenti di Cleanup a Milano e a Bologna, in collaborazione con @WoolrichInc",Bologna,Associazione
"Grazie Sindaco, potenziare la rete di collonnine di ricarica auto elettriche non guasterebbe! Avete un programma anche su questo? #sostenibilità #Ambiente #Bologna",Bologna,Cittadino
Ambiente Bologna. Zamboni (Europa verde): no all’ampliamento della discarica di Castel Maggiore,Bologna,Movimento politico
Ambiente Bologna. Lisei (Fdi): fornire l’acqua ai residenti della Val di Zena a Pianoro,Bologna,Movimento politico
"«Ho visto i miei vicini ammalarsi per lo smog. Bimbi con l’asma, conoscenti col cancro. Quell’autostrada è piena di morte» #Bologna #passante #Ambiente",Bologna,Cittadino
Nella giornata mondiale dell’ambiente voglio celebrare l’impegno di ognuno di noi per la salvaguardia del nostro pianeta: ognuno può fare la differenza!,Bologna,Cittadino
"Sul tema dei trasporti e dell’ambiente, in generale, Bologna è in ritardo. Bologna ha fama di città accogliente, ma oltre che per i turisti e per gli studenti deve esserlo anche per i pendolari.",Bologna,Cittadino
"Bologna non si arrende alla cementificazione e agli interessi di chi vuole devastare l'ambiente. Il 21 ottobre ci incontriamo con alcuni compagni dei movimenti territoriali (No #Passante, NoTAV, NoGrandiNavi) per discutere, confrontarci, lottare insieme.",Bologna,Associazione
Ho capito benissimo cosa significa! Il bagno di sangue ci sarà in #Basilicata…ma non solo! #Cingolani/#CingolEni ha approvato pozzo in provincia di #Ferrara dove già ci sono subsidenza e inquinamentotransizione ecologica di stocazzo! Sono americani questi criminali,Ferrara,Cittadino
"“Stiamo lavorando per realizzare una piattaforma digitale che, grazie ad algoritmi predittivi, anticiperà i livelli di inquinamento a Ferrara nelle successive 72 ore” ",Ferrara,Ente privato
"Parte dai giovani, dall’istituto Bachelet di #Ferrara “C'è aria per te!"", la campagna di sensibilizzazione di @Lifeprepair per contrastare l'inquinamento dell'aria nel Bacino padano.",Ferrara,Media
"#Inquinamento e mortalità, #Ferrara tra le peggiori in Europa",Ferrara,Media
Il ritorno dell'ozono. A Ferrara e provincia concentrazione record. L'inquinante che colpisce le vie respiratorie è oltre la soglia #Ferrara #inquinamento #ambiente,Ferrara,Media
Le analisi #Arpae promuovono l'acqua del mare dei lidi comacchiesi. I test sull'acqua buoni su tutta la costa emiliano-romagnola #turismo #inquinamento #comacchio #ferrara #mare,Ferrara,Media
"Inquinamento alle stelle, ancora due giorni di limiti alla circolazione",Ferrara,Media
"Lotta all'inquinamento?? Abito a 2 km dal l'inceneritore di Hera Cassana Ferrara, 3 Stabilimento Montecatini produzione plastica ecc. E secondo lei, voi? Io vado in bicicletta? Casa lavoro? Nella città delle Biciclette??",Ferrara,Cittadino
"Inquinamento, i pescatori di Porto Garibaldi hanno raccolto 10 tonnellate di rifiuti in mare https://ferrara.press/news/inquinamento-i-pescatori-di-porto-garibaldi-hanno-raccolto-10-tonnellate-di-rifiuti-in-mare?uid=16148",Ferrara,Media
"Nonostante il freddo, i nostri eroi non si arrendono. Altre centinaia di chili di plastica e rifiuti rimossi dall’ambiente, oggi, a Ferrara",Ferrara,Cittadino
"I progetti sono validi quando intorno si costruisce la condivisione di cittadini ed imprese. Il #Biketowork va esattamente in questa direzione. Un progetto sostenibile, che mette insieme datore e lavoratore in una battaglia per l'ambiente. 15 aziende a Ferrara hanno aderito.",Ferrara,Ente Pubblico
"Un piccolo gesto per curare l'ambiente: come a Ferrara, dove abbiamo dato vita al Bosco del Respiro, in memoria delle vittime della pandemia.",Ferrara,Associazione
“Mal’Aria” a #Ferrara: inquinamento da podio #legambiente #malaria,Ferrara,Media
In pratica 11 veicoli a motore ogni 10 abitanti a Forlì #inquinamento #ppm #andràtuttobene,Forlì-Cesena,Cittadino
"a Forlì abbiamo uno dei più grossi inceneritori della regione, ma un forno per gli animali da compagnia, farebbe danni Forno crematorio per cani e gatti, gli ambientalisti: ""Rischio inquinamento, scelta da abbandonare""",Forlì-Cesena,Cittadino
"L'economia circolare della morte in @RegioneER : 8 inceneritori e quello di Forlì che sputa merda direttamente dentro un quartiere densamente popolato 'Medici per l'ambiente': L'inceneritore inquina, lo dicono gli studi finanziati dai cittadini",Forlì-Cesena,Cittadino
"In occasione dell’evento “Economia circolare e terzo settore: coniugare lavoro, ambiente e coesione sociale”, organizzato da @Legambiente_EmR , è intervenuta anche la cooperativa sociale @ForbCoop #Forlì, che si pone come obiettivo l’integrazione sociale e lo sviluppo sostenibile",Forlì-Cesena,Associazione
#Ravenna avvelenata da #Enil'inquinamento da #idrocarburi visto dallo spazio | E #BonaccEni zitto! E le #SardEni? Pure...,Ravenna,Cittadino
"Ravenna, inquinamento nel pozzo di gas. Il tar ordina la bonifica -",Ravenna,Media
"Se confermata, è una buona notizia l'esclusione dell'impianto di stoccaggio della CO2 a Ravenna dai progetti del piano del #RecoveryFund. Servono invece fondi per gli interventi strategici di lotta all’inquinamento atmosferico nel bacino padano, a seguito della condanna della UE.",Ravenna,Cittadino
"""#Deposito #costiero small-scale di #Ravenna è operativo dal 3 novembre e riduce il traffico di autobotti che si rifornivano in Francia, facendo diminuire l'#inquinamento""",Ravenna,Media
"#Ravenna cimitero navi con gravi problemi ambientali al ""confine"" del 
@ParcoDeltadelPo
Perchè non si interviene? ",Ravenna,Cittadino
#Saipem e #Qintx realizzano il progetto #Agnes a largo di #Ravenna: un distretto marino che combinerà #eolico  #fotovoltaico  e #idrogeno verde  #EnergyCuE #CuE #energia #ambiente #ecologia #inquinamento #ClimateChange #rinnovabili #nucleare,Ravenna,Ente privato
"Ovunque, qui siamo a Ravenna, c'è giusta preoccupazione per l'inquinamento atmosferico e le sue conseguenze sulla salute (a cominciare dal cancro ai polmoni!)...",Ravenna,Associazione
C’è troppo inquinamento a Ravenna e nessuno fa niente,Ravenna,Cittadino
"Ambiente:“Er Trivella della Leopolda”, dopo il nucleare,teorizza cattura e stoccaggio della CO2,per consentire all’Eni di estrarre idrocarburi. Il deposito della CO2 da seppellire sotto il mare al largo di Ravenna.Una follia. CingolEni, Attila dell’ambiente e del mare,si dimetta",Ravenna,Cittadino
Altro che #TransizioneEcologica I SOLDI DEL #RECOVERYPLAN ANDRANNOTUTTI AD #ENI E #SNAM PER CONTINUARE A DISTRUGGERE #AMBIENTE E #SALUTE!  Miliardi per #idrogeno prodotto dal #gas in #Basilicata e stoccaggio #CO2 a Ravenna #TheEnd ...#Fine ....#MortacciVostri,Ravenna,Cittadino
Un’estate con e per gli animali: Comune di Ravenna e volontari dell’OIPA uniti per trasmettere ai più giovani il rispetto dell’ambiente e degli animali,Ravenna,Associazione
A Ravenna il #PNRR prevede il deposito per lo stoccaggio di CO2 così #Eni potrà continuare ad estrarre fino al 2050 . Chi pagherà i costi ???? Poi parlano di rispetto per l’ambiente #governodeipeggiori,Ravenna,Cittadino
Catturare CO2 ricorrendo ai combustibili fossili. E magari utilizzare l'impianto per estrarre ancora petrolio. Il Css che Eni vorrebbe costruire a Ravenna trova in manovra 150 milioni di euro pubblici. Un regalo che non fa bene all'ambiente,Ravenna,Media
"#Ravenna Stoccaggio di CO2, #SinistraItaliana: ""Tecnica rischiosa, invasiva e ad alto impatto per l'ambiente"" #ambiente #transizioneecologica",Ravenna,Movimento politico
"#Ravenna Arpae (Agenzia regionale prevenzione, ambiente e energia Emilia-Romagna) chiede a ministero di abbassare limite di subsidenza dopo il quale scatta il divieto di qualsiasi attività mineraria Pensate che il limite oggi è relativo a un abbassamento di 25 millimetri l’anno>>",Ravenna,Cittadino
"#Ambiente, blitz di @Greenpeace_ITA a Ravenna: attivisti incatenati davanti alla Fiera dell'offshore e striscioni sulla piattaforma dell'Eni. No al progetto di usare giacimenti esauriti di gas metano per lo stoccaggio di CO2",Ravenna,Media
"Sì all'eolico e al solare, no alle maxi discariche di anidride carbonica sotto il mare di #Ravenna. Su @ilmanifesto di oggi il perché il progetto di #ccs di #Eni fa più male che bene all'ambiente. Lo dicono gli ambientalisti, ma anche gli scienziati",Ravenna,Media
MAXI SEQUESTRO DI MATERIALE FERROSO: MULTE PER 15MILA EURO #Ravenna #ferro #ambiente #illeciti,Ravenna,Associazione
"""Ravenna Futura"" progetto di #GruppoHera e @ComunediRavenna  nato da un idea di #HeraLAB, si sposta al mare! Sono già tanti i ristoranti sulle spiagge di Ravenna che hanno aderito all’iniziativa adottando azioni sostenibili per la tutela dell’#ambiente",Ravenna,Media
Il progetto di #Eni inerente la costruzione di un sito di cattura e di stoccaggio della #CO2 (#CCS) al largo di Ravenna  si è momentaneamente arenato grazie alle proteste delle associazioni ambientaliste.,Ravenna,Media
"Ambiente, la delegazione lettone va a 'lezione' di economia circolare nella stazione ecologica ravennate",Ravenna,Media
A #Ravenna con risultati continuamente sconfortanti nella raccolta dei #rifiuti abbiamo però #PD locale e alleati che governano il Comune e dicono di impegnarsi per l'ambiente. Impegnatevi di meno e forse miglioreremo! Faccina che ride,Ravenna,Cittadino
"Recovery Plan: sui fondi per Eni a Ravenna, marcia indietro del governo",Ravenna,Media
"Cava Bosca, un’altra ferita per l’ambiente""",Ravenna,Media
Ecosistema Urbano 2021 di Legambiente in collaborazione con Ambiente Italia e Il Sole 24 Ore: Ravenna è solo al 51° posto,Ravenna,Media
#Mobilità | #Ravenna accelera sulla #transizioneecologica. E lo fa dedicandosi al settore del #trasportopubblico locale #idrogeno #ambiente #trasportogreen #energierinnovabili #innovazione #progettigreen,Ravenna,Media
#Ambiente Ravenna. @GiuliaGibertoni (Misto): fare chiarezza su progetto centrale termoelettrica https://cronacabianca.eu/ambiente-ravenna-gibertoni-misto-fare-chiarezza-su-proge,Ravenna,Movimento politico
"Rumore di bici, la voce di un bimbo che dice: ""Mamma sono felice che andiamo in bici, così non inquiniamo l'ambiente""",Ravenna,Cittadino
"AMBIENTE: IL PROGETTO Per produrre idrogeno dal gas vuole stoccare anidride carbonica nei pozzi esausti di Ravenna. Inoltrata la domanda ufficiale Eni ci riprova e chiede al Mite di iniettare CO2 nel sottosuolo Siamo alla pura follia ,basta Eni maledetti",Ravenna,Cittadino
Tutela dell’ambiente: nel 2020 38 denunce e 134 multe da parte dei Carabinieri Forestali di Ravenna,Ravenna,Media
"Oltre al nero di carbonio, lo stabilimento di Ravenna @OECarbons produce dal 1998 energia elettrica a beneficio dell’#ambiente e della #comunità, soddisfando il fabbisogno energetico di 28 mila utenze familiari.",Ravenna,Cittadino
#Europa Verde torna a criticare il sito di stoccaggio (a #Ravenna) di #CO2 dell’#Eni: “Una truffa. L’Europa ha già bocciato questi progetti”.,Ravenna,Movimento politico
"Finalmente una buona notizia per l'ambiente: ""Nell’ultima versione del Recovery Plan non c’è più il miliardo per Eni a Ravenna: non include più l’impianto per cattura e stoccaggio di CO2""",Ravenna,Cittadino
@MiTE_IT @COP26  #Italia #Eni #Multinazionali #BastaInteressiEconomici #BastaFossili #BastaInquinamento #ClimateEmergency #ClimateAction #Ambiente #Clima #Salute La #UE boccia il mega deposito di #CO2 al largo di #Ravenna: niente fondi,Ravenna,Cittadino
“La natura del mare”. In acqua contro l’inquinamento da plastica,Rimini,Media
"Chiudere un'arteria importante, nel bel mezzo di una fiera importante (Ecomondo, Rimini), aumentando traffico, inquinamento e disagi, è la conferma di una mancanza di pianificazione e gestione dei flussi, non più consentiti in epoca di digitalizzazione e grandi dati (big data).",Rimini,Cittadino
"Prende il via oggi a #Rimini la fiera #Ecomondo dedicata allo stato dell'#ambiente e alle novità scientifiche e normative nel settore. Considerati tutti i problemi di inquinamento, perdita di biodiversità e effetti di cambiamenti climatici, l'argomento non è da sottovalutare.",Rimini,Cittadino
"Rete, serata pubblica sullo sviluppo sostenibile: focus sull'inquinamento elettromagnetico in zona Cailungo",Rimini,Media
"Rete, serata pubblica sullo sviluppo sostenibile: focus sull'inquinamento elettromagnetico in zona Cailungo",Rimini,Media
Vedete quella fascia grigio-marroncino all'orizzonte? Quella che copre in parte le colline e nasconde il mare? Non è nebbia. È smog. #rimini #inquinamento #ARIA,Rimini,Cittadino
Inquinamento. Croatti (M5S): a Rimini 289 morti a causa del Pm 2.5,Rimini,Media
"Effetto inquinamento da PM2,5 a Rimini: i morti annuali evitabili se rispettate le raccomandazione dell'OMS sono 61. Che diventano 118 stando alle città con i più bassi livelli di inquinamento (Fonte: ISGlobal Institute for Global Health)",Rimini,Cittadino
"Ho visto il video dell’inquinamento del fiume Sarno, con la tua voce. Da anni seguo questo “scempio” in puro stile italico, che non vale solo per voi campani. Condivido ogni tua parola. Forza!",Rimini,Cittadino
"#Rimini #ambiente Balneazione, confermata l’eccellenza delle acque riminesi. I risultati delle analisi e delle valutazioni effettuate da Arpae Emilia-Romagna e dall’Aziende USL della Romagna nella stagione balneare 2021",Rimini,Ente Pubblico
"A Rimini in questi giorni abbiamo Ecomondo, fiera dell’ambiente, della sostenibilità, del green ecc ecc. Peccato che la suddetta fiera blocchi la città da 4 giorni, con conseguenti ingorghi e aria irrespirabile. La sintesi perfetta di questa epoca di pazzi.",Rimini,Cittadino
"Ambiente, Piccinini (M5S): ""Bene che anche Rimini stia pensando a comunità energetiche. Comune apra sportello per spiegare i vantaggi ai cittadini""",Rimini,Movimento politico
"#Governo dà via libera alle trivelle nell'#Adriatico: ira di sindaci, pescatori e Verdi.",Rimini,Media
Ambiente Rimini. Piccinini (M5s): “Fare chiarezza sulla concessione ‘Misano Adriatico’”,Rimini,Movimento politico
"Ambiente Rimini. Piccinini (M5s): no alla mega antenna di Verucchio, ascoltare comitato ",Rimini,Movimento politico
Ambiente Rimini. Piccinini (M5s): oasi di Torriana e Montebello patrimonio da salvaguardare,Rimini,Movimento politico
"Le concessioni delle spiagge in un paese come l’Italia dovrebbero essere pagate oro, che poi le compri un cinese o uno di Rimini chi se ne frega, basta che le gestisca con rispetto ferreo dell’ambiente",Rimini,Cittadino
"#Rimini #ambiente Balneazione, confermata l’eccellenza delle acque riminesi. I risultati delle analisi e delle valutazioni effettuate da Arpae Emilia-Romagna e dall’Aziende USL della Romagna nella stagione balneare 2021",Rimini,Ente Pubblico
Fa riferimento a eolico offshore galleggiante che ha potenzialità maggiori nel Tirreno. Nell'adriatico per i bassi fondali e il tipo di venti vanno portati avanti progetti come a Rimini,Rimini,Cittadino
8000 camion al giorno sulla statale. Raccontalo a me che da insegnante ho avuto un incarico a Carpi e mi sono fatta per due anni Sassuolo Carpi andata e ritorno tutti i giorni... per non parlare del degrado e dell’inquinamento,Carpi,Cittadino
"Faenza, Lotras: pericolo inquinamento",Faenza,Media
"è urgente una legge che vieti il taglio di piante sane con diametri superiori ai 50 cm, per comuni e privati. Vanno spostate, sopratutto nelle aree ad alto inquinamento come il comune di #Sassuolo",Sassuolo,Cittadino
Abito a #Sassuolo il comune più inquinato d'#Europa e siamo stati deferiti per la qualità dell'aria dagli organi Europei per innottemperanze delle regole sull'inquinamento.Stiamo raccogliendo firme per svuotare il centro dalle auto ci faresti una firma?,Sassuolo,Cittadino
"Inquinamento Marano, Ex consigliere Riccione: ""Colpa di San Marino"". Lonfernini: ""Affermazioni sbilanciate, abbiamo piani e progetti""",Riccione,Media
"No ritengo solo ,in questo momento, l’argomento non http://importante.Se poi vuole che parliamo di inquinamento,vada al mare a Riccione la settimana di ferragosto e vedrà quanti “assorbenti” potrà recuperare in acqua…Allora se tornassimo ai vecchi sistemi…caro allegrone.",Riccione,Cittadino
"Goletta Verde di Legambiente, inquinamento a Riccione e Punta Marina",Riccione,Media
"L’Emilia-Romagna premia Riccione, acque di balneazione eccellenti",Riccione,Cittadino
"Massimo Medri Sindaco di #Cervia, in linea con le disposizioni della Regione Emilia-Romagna, ha emesso una ordinanza per la riduzione dell'inquinamento: in particolare sono previste limitazioni per la mobilità, il riscaldamento, gli abbruciamenti,",Cervia,Ente Pubblico
si parla tanto di natura e poi ti costringono ad abbattere alberi ventennali in giardino per farsi la piscina #savetheplanet #inquinamento #nature #green #alberi #correggio #reggioemilia #GretaThunberg #Italy,Correggio,Cittadino
"Busto Garolfo, in via Di Dio e in via Correggio nuove ciclabili e attraversamenti pedonali rialzati https://legnanonews.com/aree-geografiche/alto_milanese/2021/08/10/busto-garolfo-in-via-di-dio-e-in-via-correggio-nuove-ciclabili-e-attraversamenti-pedonali-rialzati/992990/… Comune dovrebbe occuparsi anche del traffico incontrollato di via Parabiago.Una statale piu che una via.Gravi problemi di inquinamento acustico e ambientale",Correggio,Cittadino
Le analisi #Arpae promuovono l'acqua del mare dei lidi comacchiesi. I test sull'acqua buoni su tutta la costa emiliano-romagnola #turismo #inquinamento #comacchio #ferrara #mare,Comacchio,Media
"#VolanoBorgoAntico #Comacchio I Giovani : il futuro sta pulendo la pineta e la spiaggia invasa da reti,e plastica di tutti i tipi. Causato dal poco rispetto di noi umani incoscienti ..... #inquinamento",Comacchio,Cittadino
"Firmato un accordo che, per i prossimi sei anni, vedrà l'Ateneo e il Consorzio che gestisce l'Autodromo di Imola collaborare a progetti innovativi per la tutela dell’ambiente, la mobilità sostenibile e il trasferimento tecnologico.",Imola,Ente Pubblico
Anche a CARPI di Modena c'è tanto da fare.NON LASCIAMO LA CITTA' in preda al degrado. Se ogni abitante si prende cura del proprio habitat....vedremo molto migliorare le strade e l'ambiente di tutte le nostre città,Carpi ,Cittadino
"Ambiente. Barcaiuolo (Fdi): “Continui incendi alla http://Ca.Re. di Carpi, la Regione intervenga”",Carpi ,Movimento politico
"BANDO MOBILITA’ DOLCE Abbiamo contribuito all’acquisto di 126 bici, 6 auto elettriche, 94 monopattini, e 3 motocicli, per un totale di di 97.000€. Abbiamo incentivato un modo diverso di muoversi, oggi 230 cittadini nei loro spostamenti inquinano meno. #Carpi #Ambiente",Carpi ,Ente Pubblico
"Chiamateli #CittadiniModello, #CittadiniEsemplari: sono persone comuni che hanno a cuore l'ambiente, come dovremmo avere tutti. Un saluto a questa straordinaria brava gente di Carpi!!!",Carpi ,Cittadino
"𝐁𝐢𝐤𝐞 𝐓𝐨 𝐖𝐨𝐫𝐤 sono oltre 55mila i km percorsi dai partecipanti questo bando, ed equivalgono a 8.800kg di Co2 risparmiata, o alla Co2 fissata da 350 alberi. Carpi riduce la sua impronta ecologica. #Rivoluzione2ruote #Carpi #Ambiente",Carpi ,Movimento politico
Carpi è 33°nella classifica delle città con la peggiore qualità dell'aria in Europa. Lo ha riportato il settimanale @VOCEdiCarpi citando una ricerca fatta da alcune università e pubblicata sul sito del Global Health Institute di Barcellona. #ambiente,Carpi ,Media
"Ambiente: tre nuove aree fenologiche a Casalecchio di Reno per monitorare il cambiamento climatico, al Parco Cave, al Parco Fabbreria e tra via Peli e viale Libertà",Casalecchio di Reno,Media
"Ambiente: 300 piante in tre nuove aree fenologiche a Casalecchio. Nell’ambito del progetto europeo LIFE-CLIVUT, in collaborazione con il Comune di Bologna",Casalecchio di Reno,Media
Un ringraziamento alla Ministra @msgelmini per la lettera di congratulazioni ricevuta in merito alla 30ª #BandieraBlu ottenuta dal Comune di #Cesenatico. #ambiente #turismo #mare #romagna,Cesenatico,Ente Pubblico
#Autoconsumo collettivo: – 60% consumi nel condominio energetico di Scandiano: uno dei primi interessantissimi esperimenti di Comunità di Autoconsumo Collettivo,Scandiano,Ente privato
A #Scandiano ai nastri di partenza la raccolta degli oli alimentari esausti di uso domestico https://24emilia.com/a-scandiano-ai-nastri-di-partenza-la-raccolta-degli-oli-alimentari-esausti-di-uso-domestico/…,Scandiano,Media
"E’ sui blocchi di partenza la nuova edizione di “Oh my green!”, la kermesse dedicata al mondo della natura promossa dall’Assessorato all’Ambiente del Comune di Formigine, in collaborazione con il Centro di Educazione alla Sostenibilità di Villa Gandini",Formigine,Media
"Senza una programmazione industriale seria non sarà mai possibile integrare scelte economiche produttive, #viabilità, #ambiente e tutela della #salute #lavoro #investimento #economia #territorio #reggioemilia #emiliaromagna #correggio #sanmartinoinrio #silkfaw",Formigine,Movimento politico
"""Cava Bosca, un’altra ferita per l’ambiente""",Faenza,Media
"PULIAMO FIDENZA, “DOMENICA TROVIAMOCI PER DARE UNA LEZIONE DI CIVILTA’ A CHI PENSA CHE DISTRUGGERE L'AMBIENTE IN CUI VIVIAMO SIA UNA MOSSA INTELLIGENTE  Domenica 9 maggio ci troveremo per ripulire dai rifiuti abbandonati le aree verdi...",Fidenza,Ente Pubblico
